timestamp,wind_speed,wind_dir
2024-07-28 17:50:00,17.64,337.5
2024-07-28 18:10:00,12.96,337.5
2024-07-28 18:20:00,9.72,315.0
2024-07-28 18:40:00,14.4,315.0
2024-07-28 18:50:00,12.96,337.5
2024-07-28 19:10:00,17.64,315.0
2024-07-28 19:20:00,27.36,315.0
2024-07-28 19:40:00,22.68,292.5
2024-07-28 19:50:00,20.88,292.5
2024-07-28 20:10:00,24.12,315.0
2024-07-28 20:20:00,22.68,315.0
2024-07-28 20:40:00,19.44,315.0
2024-07-28 20:50:00,22.68,315.0
2024-07-28 21:10:00,22.68,315.0
2024-07-28 21:20:00,19.44,315.0
2024-07-28 21:40:00,19.44,315.0
2024-07-28 21:50:00,22.68,292.5
2024-07-28 22:10:00,19.44,337.5
2024-07-28 22:20:00,19.44,292.5
2024-07-28 22:40:00,19.44,315.0
2024-07-28 22:50:00,20.88,315.0
2024-07-28 23:10:00,19.44,315.0
2024-07-28 23:20:00,17.64,337.5
2024-07-28 23:40:00,16.2,337.5
2024-07-28 23:50:00,9.72,22.5
2024-07-29 00:10:00,7.92,45.0
2024-07-29 00:20:00,11.16,45.0
2024-07-29 00:40:00,17.64,315.0
2024-07-29 00:50:00,11.16,45.0
2024-07-29 01:10:00,9.72,45.0
2024-07-29 01:20:00,9.72,45.0
2024-07-29 01:40:00,12.96,22.5
2024-07-29 01:50:00,11.16,45.0
2024-07-29 02:10:00,12.96,45.0
2024-07-29 02:20:00,11.16,22.5
2024-07-29 02:40:00,11.16,22.5
2024-07-29 02:50:00,14.4,22.5
2024-07-29 03:10:00,11.16,22.5
2024-07-29 03:20:00,7.92,22.5
2024-07-29 03:40:00,11.16,22.5
2024-07-29 03:50:00,11.16,45.0
2024-07-29 04:10:00,7.92,45.0
2024-07-29 04:20:00,6.48,22.5
2024-07-29 04:40:00,11.16,45.0
2024-07-29 04:50:00,7.92,45.0
2024-07-29 05:10:00,1.44,45.0
2024-07-29 05:20:00,4.68,45.0
2024-07-29 05:40:00,6.48,22.5
2024-07-29 05:50:00,6.48,45.0
2024-07-29 06:10:00,6.48,45.0
2024-07-29 06:20:00,6.48,45.0
2024-07-29 06:40:00,3.24,45.0
2024-07-29 06:50:00,6.48,45.0
2024-07-29 07:10:00,4.68,22.5
2024-07-29 07:20:00,4.68,45.0
2024-07-29 07:40:00,4.68,67.5
2024-07-29 07:50:00,4.68,67.5
2024-07-29 08:10:00,1.44,67.5
2024-07-29 08:20:00,1.44,67.5
2024-07-29 08:40:00,0.0,90.0
2024-07-29 08:50:00,0.0,90.0
2024-07-29 09:10:00,1.44,90.0
2024-07-29 09:20:00,0.0,90.0
2024-07-29 09:40:00,0.0,112.5
2024-07-29 09:50:00,3.24,135.0
2024-07-29 10:10:00,1.44,135.0
2024-07-29 10:20:00,0.0,135.0
2024-07-29 10:40:00,3.24,180.0
2024-07-29 10:50:00,3.24,180.0
2024-07-29 11:10:00,3.24,180.0
2024-07-29 11:20:00,3.24,180.0
2024-07-29 11:40:00,3.24,180.0
2024-07-29 11:50:00,6.48,180.0
2024-07-29 12:10:00,6.48,90.0
2024-07-29 12:20:00,7.92,90.0
2024-07-29 12:40:00,11.16,90.0
2024-07-29 12:50:00,7.92,112.5
2024-07-29 13:10:00,16.2,337.5
2024-07-29 13:20:00,7.92,247.5
2024-07-29 13:40:00,7.92,180.0
2024-07-29 13:50:00,14.4,67.5
2024-07-29 14:10:00,6.48,45.0
2024-07-29 14:20:00,7.92,67.5
2024-07-29 14:40:00,7.92,45.0
2024-07-29 14:50:00,12.96,0.0
2024-07-29 15:10:00,11.16,315.0
2024-07-29 15:20:00,11.16,270.0
2024-07-29 15:40:00,16.2,0.0
2024-07-29 15:50:00,11.16,0.0
2024-07-29 16:10:00,11.16,90.0
2024-07-29 16:20:00,17.64,45.0
2024-07-29 16:40:00,7.92,22.5
2024-07-29 16:50:00,16.2,45.0
2024-07-29 17:10:00,12.96,45.0
2024-07-29 17:20:00,12.96,45.0
2024-07-29 17:40:00,11.16,45.0
2024-07-29 17:50:00,7.92,90.0
2024-07-29 18:10:00,6.48,202.5
2024-07-29 18:20:00,11.16,45.0
2024-07-29 18:40:00,12.96,45.0
2024-07-29 18:50:00,4.68,22.5
2024-07-29 19:10:00,6.48,45.0
2024-07-29 19:20:00,6.48,45.0
2024-07-29 19:40:00,7.92,45.0
2024-07-29 19:50:00,4.68,0.0
2024-07-29 20:10:00,6.48,337.5
2024-07-29 20:20:00,6.48,0.0
2024-07-29 20:40:00,3.24,67.5
2024-07-29 20:50:00,1.44,67.5
2024-07-29 21:10:00,6.48,22.5
2024-07-29 21:20:00,4.68,45.0
2024-07-29 21:40:00,6.48,22.5
2024-07-29 21:50:00,6.48,22.5
2024-07-29 22:10:00,3.24,22.5
2024-07-29 22:20:00,3.24,67.5
2024-07-29 22:40:00,1.44,67.5
2024-07-29 22:50:00,0.0,0.0
2024-07-29 23:10:00,1.44,67.5
2024-07-29 23:20:00,3.24,67.5
2024-07-29 23:40:00,0.0,67.5
2024-07-29 23:50:00,1.44,67.5
2024-07-30 00:10:00,3.24,67.5
2024-07-30 00:20:00,0.0,67.5
2024-07-30 00:40:00,0.0,0.0
2024-07-30 00:50:00,0.0,67.5
2024-07-30 01:10:00,4.68,67.5
2024-07-30 01:20:00,6.48,67.5
2024-07-30 01:40:00,1.44,67.5
2024-07-30 01:50:00,6.48,45.0
2024-07-30 02:10:00,1.44,45.0
2024-07-30 02:20:00,1.44,45.0
2024-07-30 02:40:00,0.0,45.0
2024-07-30 02:50:00,3.24,45.0
2024-07-30 03:10:00,4.68,45.0
2024-07-30 03:20:00,6.48,45.0
2024-07-30 03:40:00,1.44,45.0
2024-07-30 03:50:00,4.68,45.0
2024-07-30 04:10:00,4.68,45.0
2024-07-30 04:20:00,6.48,45.0
2024-07-30 04:40:00,9.72,45.0
2024-07-30 04:50:00,7.92,45.0
2024-07-30 05:10:00,3.24,22.5
2024-07-30 05:20:00,3.24,45.0
2024-07-30 05:40:00,1.44,45.0
2024-07-30 05:50:00,4.68,45.0
2024-07-30 06:10:00,7.92,67.5
2024-07-30 06:20:00,11.16,45.0
2024-07-30 06:40:00,12.96,45.0
2024-07-30 06:50:00,9.72,45.0
2024-07-30 07:10:00,7.92,45.0
2024-07-30 07:20:00,7.92,45.0
2024-07-30 07:40:00,9.72,45.0
2024-07-30 07:50:00,12.96,45.0
2024-07-30 08:10:00,7.92,67.5
2024-07-30 08:20:00,7.92,67.5
2024-07-30 08:40:00,9.72,67.5
2024-07-30 08:50:00,7.92,67.5
2024-07-30 09:10:00,6.48,90.0
2024-07-30 09:20:00,3.24,90.0
2024-07-30 09:40:00,7.92,45.0
2024-07-30 09:50:00,7.92,45.0
2024-07-30 10:10:00,4.68,67.5
2024-07-30 10:20:00,7.92,45.0
2024-07-30 10:40:00,9.72,45.0
2024-07-30 10:50:00,12.96,90.0
2024-07-30 11:10:00,16.2,90.0
2024-07-30 11:20:00,14.4,90.0
2024-07-30 11:40:00,20.88,67.5
2024-07-30 11:50:00,19.44,67.5
2024-07-30 12:10:00,17.64,67.5
2024-07-30 12:20:00,16.2,45.0
2024-07-30 12:40:00,17.64,67.5
2024-07-30 12:50:00,16.2,45.0
2024-07-30 13:10:00,12.96,22.5
2024-07-30 13:20:00,11.16,0.0
2024-07-30 13:40:00,14.4,45.0
2024-07-30 13:50:00,12.96,0.0
2024-07-30 14:10:00,14.4,22.5
2024-07-30 14:20:00,16.2,0.0
2024-07-30 14:40:00,17.64,67.5
2024-07-30 14:50:00,17.64,67.5
2024-07-30 15:10:00,17.64,45.0
2024-07-30 15:20:00,19.44,45.0
2024-07-30 15:40:00,12.96,0.0
2024-07-30 15:50:00,22.68,67.5
2024-07-30 16:10:00,16.2,45.0
2024-07-30 16:20:00,14.4,22.5
2024-07-30 16:40:00,22.68,45.0
2024-07-30 16:50:00,16.2,45.0
2024-07-30 17:10:00,17.64,45.0
2024-07-30 17:20:00,12.96,22.5
2024-07-30 17:40:00,17.64,45.0
2024-07-30 17:50:00,17.64,67.5
2024-07-30 18:10:00,12.96,45.0
2024-07-30 18:20:00,16.2,45.0
2024-07-30 18:40:00,14.4,45.0
2024-07-30 18:50:00,12.96,22.5
2024-07-30 19:10:00,6.48,0.0
2024-07-30 19:20:00,7.92,22.5
2024-07-30 19:40:00,7.92,45.0
2024-07-30 19:50:00,6.48,45.0
2024-07-30 20:10:00,1.44,0.0
2024-07-30 20:20:00,4.68,157.5
2024-07-30 20:40:00,1.44,135.0
2024-07-30 20:50:00,1.44,135.0
2024-07-30 21:10:00,3.24,45.0
2024-07-30 21:20:00,3.24,90.0
2024-07-30 21:40:00,0.0,0.0
2024-07-30 21:50:00,1.44,135.0
2024-07-30 22:00:00,0.0,0.0
2024-07-30 22:20:00,1.44,135.0
2024-07-30 22:40:00,0.0,135.0
2024-07-30 22:50:00,0.0,0.0
2024-07-30 23:20:00,1.44,135.0
2024-07-30 23:40:00,0.0,0.0
2024-07-31 00:10:00,0.0,135.0
2024-07-31 00:20:00,0.0,135.0
2024-07-31 00:40:00,0.0,0.0
2024-07-31 00:50:00,1.44,135.0
2024-07-31 01:10:00,3.24,112.5
2024-07-31 01:20:00,4.68,90.0
2024-07-31 01:40:00,4.68,90.0
2024-07-31 01:50:00,6.48,67.5
2024-07-31 02:10:00,1.44,67.5
2024-07-31 02:20:00,0.0,67.5
2024-07-31 02:40:00,4.68,67.5
2024-07-31 02:50:00,6.48,67.5
2024-07-31 03:10:00,4.68,45.0
2024-07-31 03:20:00,1.44,45.0
2024-07-31 03:40:00,6.48,45.0
2024-07-31 03:50:00,4.68,45.0
2024-07-31 04:10:00,3.24,45.0
2024-07-31 04:20:00,4.68,45.0
2024-07-31 04:40:00,0.0,45.0
2024-07-31 04:50:00,6.48,45.0
2024-07-31 05:10:00,6.48,45.0
2024-07-31 05:20:00,9.72,45.0
2024-07-31 05:40:00,7.92,22.5
2024-07-31 05:50:00,9.72,22.5
2024-07-31 06:10:00,7.92,22.5
2024-07-31 06:20:00,9.72,45.0
2024-07-31 06:40:00,3.24,45.0
2024-07-31 06:50:00,3.24,45.0
2024-07-31 07:10:00,3.24,45.0
2024-07-31 07:20:00,4.68,45.0
2024-07-31 07:40:00,6.48,45.0
2024-07-31 07:50:00,4.68,67.5
2024-07-31 08:10:00,3.24,67.5
2024-07-31 08:20:00,4.68,67.5
2024-07-31 08:40:00,3.24,45.0
2024-07-31 08:50:00,0.0,45.0
2024-07-31 09:10:00,3.24,90.0
2024-07-31 09:20:00,0.0,90.0
2024-07-31 09:30:00,0.0,0.0
2024-07-31 10:20:00,3.24,180.0
2024-07-31 10:40:00,1.44,225.0
2024-07-31 10:50:00,0.0,225.0
2024-07-31 11:10:00,1.44,225.0
2024-07-31 11:20:00,0.0,0.0
2024-07-31 11:40:00,1.44,225.0
2024-07-31 11:50:00,14.4,225.0
2024-07-31 12:10:00,20.88,225.0
2024-07-31 12:20:00,22.68,225.0
2024-07-31 12:40:00,27.36,225.0
2024-07-31 12:50:00,25.92,225.0
2024-07-31 13:10:00,27.36,225.0
2024-07-31 13:20:00,27.36,225.0
2024-07-31 13:40:00,28.8,225.0
2024-07-31 13:50:00,30.6,225.0
2024-07-31 14:10:00,30.6,225.0
2024-07-31 14:20:00,30.6,225.0
2024-07-31 14:40:00,28.8,225.0
2024-07-31 14:50:00,28.8,225.0
2024-07-31 15:10:00,30.6,225.0
2024-07-31 15:20:00,32.04,225.0
2024-07-31 15:40:00,32.04,225.0
2024-07-31 15:50:00,32.04,225.0
2024-07-31 16:10:00,28.8,225.0
2024-07-31 16:20:00,28.8,225.0
2024-07-31 16:40:00,30.6,225.0
2024-07-31 16:50:00,32.04,225.0
2024-07-31 17:10:00,27.36,225.0
2024-07-31 17:20:00,30.6,225.0
2024-07-31 17:40:00,27.36,225.0
2024-07-31 17:50:00,24.12,225.0
2024-07-31 18:10:00,4.68,180.0
2024-07-31 18:20:00,17.64,202.5
2024-07-31 18:40:00,6.48,202.5
2024-07-31 18:50:00,6.48,112.5
2024-07-31 19:10:00,4.68,180.0
2024-07-31 19:20:00,11.16,180.0
2024-07-31 19:40:00,1.44,180.0
2024-07-31 19:50:00,3.24,180.0
2024-07-31 20:10:00,25.92,315.0
2024-07-31 20:20:00,27.36,337.5
2024-07-31 20:40:00,24.12,315.0
2024-07-31 20:50:00,12.96,337.5
2024-07-31 21:10:00,4.68,270.0
2024-07-31 21:20:00,1.44,270.0
2024-07-31 21:40:00,3.24,45.0
2024-07-31 21:50:00,6.48,0.0
2024-07-31 22:10:00,4.68,22.5
2024-07-31 22:20:00,6.48,90.0
2024-07-31 22:40:00,6.48,0.0
2024-07-31 22:50:00,7.92,22.5
2024-07-31 23:00:00,7.92,45.0
2024-08-01 01:10:00,7.92,22.5
2024-08-01 01:20:00,7.92,45.0
2024-08-01 01:40:00,7.92,67.5
2024-08-01 01:50:00,7.92,22.5
2024-08-01 02:10:00,9.72,45.0
2024-08-01 02:20:00,11.16,45.0
2024-08-01 02:40:00,7.92,67.5
2024-08-01 02:50:00,7.92,45.0
2024-08-01 03:10:00,7.92,45.0
2024-08-01 03:20:00,4.68,45.0
2024-08-01 03:40:00,4.68,22.5
2024-08-01 03:50:00,7.92,45.0
2024-08-01 04:10:00,4.68,45.0
2024-08-01 04:20:00,6.48,90.0
2024-08-01 04:40:00,1.44,90.0
2024-08-01 04:50:00,3.24,67.5
2024-08-01 05:10:00,4.68,67.5
2024-08-01 05:20:00,4.68,67.5
2024-08-01 05:40:00,6.48,45.0
2024-08-01 05:50:00,7.92,45.0
2024-08-01 06:10:00,6.48,45.0
2024-08-01 06:20:00,3.24,45.0
2024-08-01 06:40:00,1.44,45.0
2024-08-01 06:50:00,6.48,45.0
2024-08-01 07:10:00,7.92,45.0
2024-08-01 07:20:00,9.72,67.5
2024-08-01 07:40:00,9.72,67.5
2024-08-01 07:50:00,1.44,45.0
2024-08-01 08:10:00,6.48,90.0
2024-08-01 08:20:00,4.68,90.0
2024-08-01 08:40:00,4.68,67.5
2024-08-01 08:50:00,4.68,112.5
2024-08-01 09:10:00,6.48,90.0
2024-08-01 09:20:00,4.68,90.0
2024-08-01 09:40:00,6.48,112.5
2024-08-01 09:50:00,4.68,90.0
2024-08-01 10:10:00,7.92,45.0
2024-08-01 10:20:00,9.72,22.5
2024-08-01 10:40:00,7.92,45.0
2024-08-01 10:50:00,9.72,45.0
2024-08-01 11:10:00,1.44,22.5
2024-08-01 11:20:00,1.44,22.5
2024-08-01 11:40:00,1.44,112.5
2024-08-01 11:50:00,1.44,112.5
2024-08-01 12:10:00,6.48,45.0
2024-08-01 12:20:00,7.92,45.0
2024-08-01 12:40:00,1.44,67.5
2024-08-01 12:50:00,4.68,157.5
2024-08-01 13:10:00,0.0,180.0
2024-08-01 13:20:00,7.92,22.5
2024-08-01 13:40:00,9.72,157.5
2024-08-01 13:50:00,4.68,157.5
2024-08-01 14:10:00,3.24,202.5
2024-08-01 14:20:00,4.68,202.5
2024-08-01 14:40:00,17.64,315.0
2024-08-01 14:50:00,12.96,337.5
2024-08-01 15:10:00,7.92,225.0
2024-08-01 15:20:00,6.48,202.5
2024-08-01 15:40:00,16.2,247.5
2024-08-01 15:50:00,22.68,225.0
2024-08-01 16:10:00,11.16,270.0
2024-08-01 16:20:00,17.64,247.5
2024-08-01 16:40:00,17.64,247.5
2024-08-01 16:50:00,24.12,247.5
2024-08-01 17:10:00,17.64,225.0
2024-08-01 17:20:00,19.44,225.0
2024-08-01 17:40:00,11.16,247.5
2024-08-01 17:50:00,7.92,247.5
2024-08-01 18:10:00,16.2,270.0
2024-08-01 18:20:00,11.16,247.5
2024-08-01 18:40:00,9.72,135.0
2024-08-01 18:50:00,11.16,292.5
2024-08-01 19:10:00,6.48,315.0
2024-08-01 19:20:00,11.16,0.0
2024-08-01 19:40:00,3.24,315.0
2024-08-01 19:50:00,6.48,337.5
2024-08-01 20:10:00,9.72,247.5
2024-08-01 20:20:00,3.24,270.0
2024-08-01 20:40:00,4.68,22.5
2024-08-01 20:50:00,3.24,22.5
2024-08-01 21:10:00,1.44,22.5
2024-08-01 21:20:00,0.0,0.0
2024-08-01 21:40:00,6.48,45.0
2024-08-01 21:50:00,3.24,22.5
2024-08-01 22:10:00,4.68,292.5
2024-08-01 22:20:00,4.68,292.5
2024-08-01 22:40:00,1.44,45.0
2024-08-01 22:50:00,3.24,45.0
2024-08-01 23:10:00,6.48,45.0
2024-08-01 23:20:00,6.48,45.0
2024-08-01 23:40:00,3.24,0.0
2024-08-01 23:50:00,3.24,90.0
2024-08-02 00:10:00,1.44,0.0
2024-08-02 00:20:00,4.68,0.0
2024-08-02 00:40:00,1.44,90.0
2024-08-02 00:50:00,0.0,90.0
2024-08-02 01:10:00,1.44,90.0
2024-08-02 01:20:00,0.0,90.0
2024-08-02 01:40:00,1.44,67.5
2024-08-02 01:50:00,0.0,0.0
2024-08-02 02:10:00,3.24,67.5
2024-08-02 02:20:00,3.24,67.5
2024-08-02 02:40:00,0.0,67.5
2024-08-02 02:50:00,1.44,67.5
2024-08-02 03:10:00,1.44,67.5
2024-08-02 03:20:00,3.24,67.5
2024-08-02 03:40:00,0.0,0.0
2024-08-02 04:10:00,3.24,67.5
2024-08-02 04:20:00,3.24,22.5
2024-08-02 04:40:00,4.68,22.5
2024-08-02 05:10:00,6.48,45.0
2024-08-02 05:20:00,4.68,67.5
2024-08-02 05:40:00,1.44,67.5
2024-08-02 05:50:00,6.48,67.5
2024-08-02 06:10:00,3.24,67.5
2024-08-02 06:20:00,3.24,22.5
2024-08-02 06:40:00,4.68,45.0
2024-08-02 06:50:00,11.16,22.5
2024-08-02 07:10:00,11.16,45.0
2024-08-02 07:20:00,12.96,45.0
2024-08-02 07:40:00,12.96,45.0
2024-08-02 07:50:00,12.96,22.5
2024-08-02 08:10:00,11.16,45.0
2024-08-02 08:20:00,9.72,45.0
2024-08-02 08:40:00,9.72,67.5
2024-08-02 08:50:00,9.72,45.0
2024-08-02 09:10:00,3.24,247.5
2024-08-02 09:20:00,4.68,90.0
2024-08-02 09:40:00,6.48,67.5
2024-08-02 09:50:00,7.92,45.0
2024-08-02 10:10:00,3.24,45.0
2024-08-02 10:20:00,7.92,22.5
2024-08-02 10:40:00,4.68,45.0
2024-08-02 10:50:00,7.92,45.0
2024-08-02 11:10:00,7.92,45.0
2024-08-02 11:20:00,7.92,45.0
2024-08-02 11:40:00,7.92,45.0
2024-08-02 11:50:00,7.92,45.0
2024-08-02 12:10:00,9.72,22.5
2024-08-02 12:20:00,12.96,22.5
2024-08-02 12:40:00,20.88,67.5
2024-08-02 12:50:00,6.48,22.5
2024-08-02 13:10:00,3.24,67.5
2024-08-02 13:20:00,0.0,67.5
2024-08-02 13:40:00,6.48,45.0
2024-08-02 13:50:00,9.72,67.5
2024-08-02 14:10:00,3.24,90.0
2024-08-02 14:20:00,1.44,90.0
2024-08-02 14:40:00,0.0,112.5
2024-08-02 14:50:00,0.0,0.0
2024-08-02 15:20:00,0.0,135.0
2024-08-02 15:40:00,3.24,180.0
2024-08-02 15:50:00,7.92,202.5
2024-08-02 16:10:00,4.68,202.5
2024-08-02 16:20:00,0.0,202.5
2024-08-02 16:40:00,1.44,67.5
2024-08-02 16:50:00,6.48,67.5
2024-08-02 17:10:00,1.44,67.5
2024-08-02 17:20:00,4.68,202.5
2024-08-02 17:40:00,6.48,225.0
2024-08-02 17:50:00,4.68,292.5
2024-08-02 18:10:00,11.16,0.0
2024-08-02 18:20:00,9.72,292.5
2024-08-02 18:40:00,6.48,315.0
2024-08-02 18:50:00,9.72,315.0
2024-08-02 19:10:00,7.92,315.0
2024-08-02 19:20:00,6.48,337.5
2024-08-02 19:40:00,9.72,0.0
2024-08-02 19:50:00,11.16,337.5
2024-08-02 20:10:00,4.68,337.5
2024-08-02 20:20:00,7.92,315.0
2024-08-02 20:40:00,12.96,45.0
2024-08-02 20:50:00,6.48,45.0
2024-08-02 21:10:00,3.24,315.0
2024-08-02 21:20:00,1.44,0.0
2024-08-02 21:40:00,7.92,337.5
2024-08-02 21:50:00,4.68,45.0
2024-08-02 22:10:00,7.92,337.5
2024-08-02 22:20:00,7.92,337.5
2024-08-02 22:40:00,4.68,22.5
2024-08-02 22:50:00,7.92,22.5
2024-08-02 23:10:00,7.92,247.5
2024-08-02 23:20:00,4.68,270.0
2024-08-02 23:40:00,6.48,225.0
2024-08-02 23:50:00,7.92,135.0
2024-08-03 00:10:00,4.68,0.0
2024-08-03 00:20:00,7.92,45.0
2024-08-03 00:40:00,3.24,0.0
2024-08-03 00:50:00,4.68,0.0
2024-08-03 01:40:00,1.44,90.0
2024-08-03 01:50:00,6.48,90.0
2024-08-03 02:10:00,4.68,45.0
2024-08-03 02:20:00,0.0,0.0
2024-08-03 02:40:00,9.72,22.5
2024-08-03 02:50:00,9.72,45.0
2024-08-03 03:10:00,7.92,22.5
2024-08-03 03:20:00,11.16,45.0
2024-08-03 03:40:00,11.16,45.0
2024-08-03 03:50:00,7.92,22.5
2024-08-03 04:10:00,7.92,22.5
2024-08-03 04:20:00,6.48,45.0
2024-08-03 04:40:00,7.92,22.5
2024-08-03 04:50:00,7.92,22.5
2024-08-03 05:10:00,6.48,45.0
2024-08-03 05:20:00,6.48,45.0
2024-08-03 05:40:00,11.16,45.0
2024-08-03 05:50:00,7.92,45.0
2024-08-03 06:10:00,11.16,45.0
2024-08-03 06:20:00,9.72,22.5
2024-08-03 06:40:00,9.72,45.0
2024-08-03 06:50:00,9.72,22.5
2024-08-03 07:10:00,9.72,45.0
2024-08-03 07:20:00,12.96,67.5
2024-08-03 07:40:00,12.96,45.0
2024-08-03 07:50:00,11.16,45.0
2024-08-03 08:10:00,11.16,45.0
2024-08-03 08:20:00,12.96,45.0
2024-08-03 08:40:00,7.92,45.0
2024-08-03 08:50:00,9.72,45.0
2024-08-03 09:10:00,17.64,337.5
2024-08-03 09:20:00,12.96,0.0
2024-08-03 09:40:00,12.96,315.0
2024-08-03 09:50:00,12.96,337.5
2024-08-03 10:10:00,9.72,45.0
2024-08-03 10:20:00,4.68,45.0
2024-08-03 10:40:00,6.48,45.0
2024-08-03 10:50:00,7.92,22.5
2024-08-03 11:10:00,6.48,0.0
2024-08-03 11:20:00,9.72,67.5
2024-08-03 11:40:00,9.72,22.5
2024-08-03 11:50:00,7.92,22.5
2024-08-03 12:10:00,6.48,22.5
2024-08-03 12:20:00,4.68,45.0
2024-08-03 12:40:00,4.68,337.5
2024-08-03 12:50:00,11.16,337.5
2024-08-03 13:10:00,6.48,337.5
2024-08-03 13:20:00,11.16,292.5
2024-08-03 13:40:00,7.92,337.5
2024-08-03 13:50:00,6.48,337.5
2024-08-03 14:10:00,6.48,90.0
2024-08-03 14:20:00,6.48,67.5
2024-08-03 14:40:00,6.48,337.5
2024-08-03 14:50:00,7.92,135.0
2024-08-03 15:10:00,14.4,315.0
2024-08-03 15:20:00,9.72,315.0
2024-08-03 15:40:00,11.16,315.0
2024-08-03 15:50:00,7.92,337.5
2024-08-03 16:10:00,11.16,315.0
2024-08-03 16:20:00,7.92,22.5
2024-08-03 16:40:00,6.48,67.5
2024-08-03 16:50:00,4.68,67.5
2024-08-03 17:10:00,3.24,225.0
2024-08-03 17:20:00,4.68,225.0
2024-08-03 17:40:00,4.68,157.5
2024-08-03 17:50:00,12.96,315.0
2024-08-03 18:10:00,16.2,337.5
2024-08-03 18:20:00,11.16,315.0
2024-08-03 18:40:00,7.92,337.5
2024-08-03 18:50:00,11.16,337.5
2024-08-03 19:10:00,14.4,315.0
2024-08-03 19:20:00,12.96,337.5
2024-08-03 19:40:00,17.64,337.5
2024-08-03 19:50:00,11.16,292.5
2024-08-03 20:10:00,14.4,315.0
2024-08-03 20:20:00,16.2,315.0
2024-08-03 20:40:00,17.64,292.5
2024-08-03 20:50:00,19.44,315.0
2024-08-03 21:10:00,16.2,315.0
2024-08-03 21:20:00,16.2,292.5
2024-08-03 21:40:00,19.44,292.5
2024-08-03 21:50:00,19.44,292.5
2024-08-03 22:10:00,9.72,315.0
2024-08-03 22:20:00,7.92,0.0
2024-08-03 22:40:00,9.72,22.5
2024-08-03 22:50:00,6.48,22.5
2024-08-03 23:10:00,6.48,45.0
2024-08-03 23:20:00,7.92,45.0
2024-08-03 23:40:00,7.92,67.5
2024-08-03 23:50:00,7.92,45.0
2024-08-04 00:10:00,6.48,45.0
2024-08-04 00:20:00,7.92,67.5
2024-08-04 00:40:00,7.92,45.0
2024-08-04 00:50:00,9.72,45.0
2024-08-04 01:10:00,12.96,22.5
2024-08-04 01:20:00,11.16,337.5
2024-08-04 01:40:00,9.72,22.5
2024-08-04 01:50:00,12.96,45.0
2024-08-04 02:10:00,12.96,45.0
2024-08-04 02:20:00,11.16,45.0
2024-08-04 02:40:00,12.96,45.0
2024-08-04 02:50:00,11.16,45.0
2024-08-04 03:10:00,9.72,45.0
2024-08-04 03:20:00,11.16,45.0
2024-08-04 03:40:00,9.72,67.5
2024-08-04 03:50:00,9.72,45.0
2024-08-04 04:10:00,9.72,45.0
2024-08-04 04:20:00,11.16,45.0
2024-08-04 04:40:00,12.96,45.0
2024-08-04 04:50:00,14.4,45.0
2024-08-04 05:10:00,12.96,22.5
2024-08-04 05:20:00,12.96,45.0
2024-08-04 05:40:00,11.16,45.0
2024-08-04 05:50:00,7.92,45.0
2024-08-04 06:10:00,6.48,22.5
2024-08-04 06:20:00,4.68,22.5
2024-08-04 06:50:00,11.16,45.0
2024-08-04 07:10:00,9.72,45.0
2024-08-04 07:20:00,9.72,45.0
2024-08-04 07:40:00,9.72,45.0
2024-08-04 07:50:00,7.92,90.0
2024-08-04 08:10:00,7.92,67.5
2024-08-04 08:20:00,7.92,45.0
2024-08-04 08:40:00,7.92,45.0
2024-08-04 08:50:00,9.72,45.0
2024-08-04 09:10:00,4.68,67.5
2024-08-04 09:20:00,7.92,45.0
2024-08-04 09:40:00,4.68,45.0
2024-08-04 09:50:00,4.68,22.5
2024-08-04 10:10:00,4.68,45.0
2024-08-04 10:20:00,4.68,67.5
2024-08-04 10:40:00,3.24,112.5
2024-08-04 10:50:00,3.24,112.5
2024-08-04 11:10:00,6.48,225.0
2024-08-04 11:20:00,7.92,180.0
2024-08-04 11:40:00,0.0,0.0
2024-08-04 12:10:00,3.24,180.0
2024-08-04 12:20:00,1.44,180.0
2024-08-04 12:40:00,6.48,247.5
2024-08-04 12:50:00,3.24,247.5
2024-08-04 13:10:00,4.68,270.0
2024-08-04 13:20:00,6.48,0.0
2024-08-04 13:40:00,11.16,225.0
2024-08-04 13:50:00,12.96,202.5
2024-08-04 14:10:00,11.16,225.0
2024-08-04 14:20:00,11.16,202.5
2024-08-04 14:40:00,7.92,225.0
2024-08-04 14:50:00,12.96,202.5
2024-08-04 15:10:00,7.92,225.0
2024-08-04 15:20:00,6.48,225.0
2024-08-04 15:40:00,4.68,112.5
2024-08-04 15:50:00,3.24,112.5
2024-08-04 16:10:00,0.0,0.0
2024-08-04 16:20:00,3.24,202.5
2024-08-04 16:40:00,11.16,180.0
2024-08-04 16:50:00,9.72,202.5
2024-08-04 17:10:00,9.72,202.5
2024-08-04 17:20:00,7.92,225.0
2024-08-04 17:40:00,11.16,225.0
2024-08-04 17:50:00,9.72,202.5
2024-08-04 18:10:00,14.4,225.0
2024-08-04 18:20:00,9.72,247.5
2024-08-04 18:40:00,6.48,270.0
2024-08-04 18:50:00,7.92,292.5
2024-08-04 19:10:00,6.48,247.5
2024-08-04 19:20:00,6.48,315.0
2024-08-04 19:40:00,6.48,337.5
2024-08-04 19:50:00,11.16,337.5
2024-08-04 20:10:00,3.24,292.5
2024-08-04 20:20:00,16.2,337.5
2024-08-04 20:40:00,14.4,337.5
2024-08-04 21:10:00,14.4,315.0
2024-08-04 21:20:00,14.4,292.5
2024-08-04 21:40:00,7.92,270.0
2024-08-04 21:50:00,4.68,337.5
2024-08-04 22:10:00,14.4,292.5
2024-08-04 22:20:00,19.44,315.0
2024-08-04 22:40:00,17.64,315.0
2024-08-04 22:50:00,20.88,315.0
2024-08-04 23:10:00,16.2,315.0
2024-08-04 23:20:00,19.44,315.0
2024-08-04 23:40:00,16.2,315.0
2024-08-04 23:50:00,14.4,315.0
2024-08-05 00:10:00,16.2,315.0
2024-08-05 00:20:00,16.2,315.0
2024-08-05 00:40:00,17.64,315.0
2024-08-05 00:50:00,17.64,315.0
2024-08-05 01:10:00,17.64,315.0
2024-08-05 01:20:00,20.88,315.0
2024-08-05 01:40:00,19.44,315.0
2024-08-05 01:50:00,19.44,315.0
2024-08-05 02:10:00,16.2,337.5
2024-08-05 02:20:00,14.4,315.0
2024-08-05 02:40:00,16.2,337.5
2024-08-05 02:50:00,20.88,315.0
2024-08-05 03:10:00,17.64,337.5
2024-08-05 03:20:00,17.64,337.5
2024-08-05 03:40:00,9.72,337.5
2024-08-05 03:50:00,4.68,22.5
2024-08-05 04:10:00,4.68,315.0
2024-08-05 04:20:00,4.68,315.0
2024-08-05 04:40:00,11.16,292.5
2024-08-05 04:50:00,9.72,315.0
2024-08-05 05:10:00,9.72,22.5
2024-08-05 05:20:00,6.48,45.0
2024-08-05 05:40:00,7.92,67.5
2024-08-05 05:50:00,6.48,22.5
2024-08-05 06:10:00,7.92,45.0
2024-08-05 06:20:00,7.92,67.5
2024-08-05 06:40:00,9.72,45.0
2024-08-05 06:50:00,9.72,22.5
2024-08-05 07:10:00,7.92,45.0
2024-08-05 07:20:00,7.92,45.0
2024-08-05 07:40:00,7.92,45.0
2024-08-05 08:10:00,11.16,45.0
2024-08-05 08:20:00,7.92,45.0
2024-08-05 08:40:00,7.92,45.0
2024-08-05 08:50:00,7.92,45.0
2024-08-05 09:10:00,7.92,45.0
2024-08-05 09:20:00,6.48,45.0
2024-08-05 09:40:00,4.68,157.5
2024-08-05 09:50:00,4.68,157.5
2024-08-05 10:10:00,3.24,157.5
2024-08-05 10:20:00,4.68,180.0
2024-08-05 10:40:00,19.44,225.0
2024-08-05 10:50:00,22.68,225.0
2024-08-05 11:10:00,24.12,225.0
2024-08-05 11:20:00,28.8,225.0
2024-08-05 11:40:00,28.8,225.0
2024-08-05 11:50:00,30.6,225.0
2024-08-05 12:10:00,30.6,225.0
2024-08-05 12:20:00,28.8,225.0
2024-08-05 12:40:00,32.04,225.0
2024-08-05 12:50:00,32.04,225.0
2024-08-05 13:10:00,32.04,225.0
2024-08-05 13:20:00,32.04,225.0
2024-08-05 13:40:00,33.84,225.0
2024-08-05 13:50:00,30.6,225.0
2024-08-05 14:10:00,30.6,225.0
2024-08-05 14:20:00,28.8,247.5
2024-08-05 14:40:00,28.8,225.0
2024-08-05 14:50:00,28.8,225.0
2024-08-05 15:10:00,30.6,225.0
2024-08-05 15:20:00,32.04,225.0
2024-08-05 15:40:00,30.6,225.0
2024-08-05 15:50:00,32.04,225.0
2024-08-05 16:10:00,32.04,225.0
2024-08-05 16:20:00,32.04,225.0
2024-08-05 16:40:00,30.6,225.0
2024-08-05 16:50:00,30.6,225.0
2024-08-05 17:10:00,28.8,225.0
2024-08-05 17:20:00,27.36,225.0
2024-08-05 17:40:00,24.12,225.0
2024-08-05 17:50:00,24.12,225.0
2024-08-05 18:10:00,24.12,225.0
2024-08-05 18:20:00,24.12,225.0
2024-08-05 18:40:00,20.88,225.0
2024-08-05 18:50:00,16.2,225.0
2024-08-05 19:10:00,4.68,247.5
2024-08-05 19:20:00,3.24,270.0
2024-08-05 19:40:00,0.0,0.0
2024-08-05 19:50:00,1.44,270.0
2024-08-05 20:10:00,1.44,247.5
2024-08-05 20:20:00,1.44,247.5
2024-08-05 20:40:00,0.0,0.0
2024-08-05 20:50:00,6.48,0.0
2024-08-05 21:10:00,16.2,270.0
2024-08-05 21:20:00,11.16,292.5
2024-08-05 21:40:00,19.44,315.0
2024-08-05 21:50:00,19.44,315.0
2024-08-05 22:10:00,19.44,315.0
2024-08-05 22:20:00,16.2,292.5
2024-08-05 22:40:00,1.44,315.0
2024-08-05 22:50:00,1.44,67.5
2024-08-05 23:10:00,1.44,112.5
2024-08-05 23:20:00,1.44,45.0
2024-08-05 23:40:00,0.0,45.0
2024-08-05 23:50:00,1.44,337.5
2024-08-06 00:10:00,0.0,337.5
2024-08-06 00:20:00,0.0,337.5
2024-08-06 00:30:00,0.0,0.0
2024-08-06 00:50:00,4.68,45.0
2024-08-06 01:10:00,7.92,45.0
2024-08-06 01:20:00,3.24,45.0
2024-08-06 01:40:00,6.48,45.0
2024-08-06 01:50:00,4.68,45.0
2024-08-06 02:10:00,7.92,45.0
2024-08-06 02:20:00,11.16,45.0
2024-08-06 02:40:00,9.72,45.0
2024-08-06 02:50:00,9.72,45.0
2024-08-06 03:10:00,7.92,45.0
2024-08-06 03:20:00,7.92,45.0
2024-08-06 03:40:00,6.48,22.5
2024-08-06 03:50:00,6.48,45.0
2024-08-06 04:10:00,6.48,45.0
2024-08-06 04:20:00,7.92,22.5
2024-08-06 04:40:00,9.72,45.0
2024-08-06 04:50:00,9.72,45.0
2024-08-06 05:10:00,4.68,45.0
2024-08-06 05:20:00,4.68,45.0
2024-08-06 05:40:00,6.48,45.0
2024-08-06 05:50:00,6.48,45.0
2024-08-06 06:10:00,7.92,45.0
2024-08-06 06:20:00,9.72,22.5
2024-08-06 06:40:00,9.72,45.0
2024-08-06 06:50:00,9.72,45.0
2024-08-06 07:10:00,9.72,45.0
2024-08-06 07:20:00,9.72,45.0
2024-08-06 07:40:00,1.44,45.0
2024-08-06 07:50:00,3.24,45.0
2024-08-06 08:10:00,0.0,45.0
2024-08-06 08:20:00,0.0,45.0
2024-08-06 08:40:00,3.24,90.0
2024-08-06 08:50:00,1.44,90.0
2024-08-06 09:10:00,1.44,90.0
2024-08-06 09:20:00,3.24,112.5
2024-08-06 09:40:00,1.44,112.5
2024-08-06 09:50:00,3.24,112.5
2024-08-06 10:10:00,0.0,112.5
2024-08-06 10:20:00,1.44,112.5
2024-08-06 10:40:00,3.24,112.5
2024-08-06 10:50:00,3.24,112.5
2024-08-06 11:10:00,16.2,225.0
2024-08-06 11:20:00,20.88,225.0
2024-08-06 11:40:00,24.12,225.0
2024-08-06 11:50:00,32.04,225.0
2024-08-06 12:10:00,32.04,225.0
2024-08-06 12:20:00,32.04,225.0
2024-08-06 12:40:00,28.8,225.0
2024-08-06 12:50:00,28.8,202.5
2024-08-06 13:10:00,30.6,202.5
2024-08-06 13:20:00,33.84,202.5
2024-08-06 13:40:00,30.6,225.0
2024-08-06 13:50:00,30.6,225.0
2024-08-06 14:10:00,33.84,225.0
2024-08-06 14:20:00,33.84,225.0
<<<<<<< HEAD,,
=======,,
2024-08-06 14:40:00,33.84,225.0
2024-08-06 14:50:00,33.84,225.0
2024-08-06 15:10:00,35.28,225.0
2024-08-06 15:20:00,33.84,225.0
2024-08-06 15:40:00,32.04,225.0
2024-08-06 15:50:00,33.84,225.0
2024-08-06 16:10:00,33.84,225.0
2024-08-06 16:20:00,35.28,225.0
2024-08-06 16:40:00,33.84,225.0
2024-08-06 16:50:00,33.84,225.0
2024-08-06 17:10:00,32.04,225.0
2024-08-06 17:20:00,30.6,225.0
2024-08-06 17:40:00,28.8,225.0
2024-08-06 17:50:00,25.92,225.0
2024-08-06 18:10:00,25.92,225.0
2024-08-06 18:20:00,22.68,225.0
2024-08-06 18:40:00,17.64,225.0
2024-08-06 18:50:00,19.44,225.0
2024-08-06 19:10:00,19.44,202.5
2024-08-06 19:20:00,25.92,225.0
2024-08-06 19:40:00,17.64,202.5
2024-08-06 19:50:00,17.64,225.0
2024-08-06 20:10:00,16.2,202.5
2024-08-06 20:20:00,17.64,225.0
2024-08-06 20:40:00,14.4,180.0
2024-08-06 20:50:00,9.72,202.5
2024-08-06 21:10:00,12.96,225.0
2024-08-06 21:20:00,9.72,202.5
2024-08-06 21:40:00,11.16,225.0
2024-08-06 21:50:00,11.16,202.5
2024-08-06 22:10:00,12.96,202.5
2024-08-06 22:20:00,17.64,225.0
2024-08-06 22:40:00,16.2,202.5
2024-08-06 22:50:00,12.96,202.5
2024-08-06 23:10:00,19.44,202.5
2024-08-06 23:20:00,11.16,225.0
2024-08-06 23:40:00,7.92,45.0
2024-08-06 23:50:00,9.72,337.5
2024-08-07 00:10:00,19.44,225.0
2024-08-07 00:20:00,16.2,202.5
2024-08-07 00:40:00,16.2,202.5
2024-08-07 00:50:00,16.2,202.5
2024-08-07 01:10:00,7.92,225.0
2024-08-07 01:20:00,9.72,225.0
2024-08-07 01:40:00,4.68,247.5
2024-08-07 01:50:00,6.48,247.5
2024-08-07 02:10:00,4.68,202.5
2024-08-07 02:20:00,1.44,202.5
2024-08-07 02:40:00,1.44,202.5
2024-08-07 02:50:00,3.24,270.0
2024-08-07 03:10:00,4.68,337.5
2024-08-07 03:20:00,1.44,67.5
2024-08-07 03:40:00,4.68,22.5
2024-08-07 03:50:00,1.44,45.0
2024-08-07 04:10:00,3.24,22.5
2024-08-07 04:20:00,3.24,45.0
2024-08-07 04:40:00,1.44,45.0
2024-08-07 04:50:00,0.0,45.0
2024-08-07 05:10:00,0.0,45.0
2024-08-07 05:20:00,0.0,45.0
2024-08-07 05:40:00,3.24,45.0
2024-08-07 05:50:00,1.44,45.0
2024-08-07 06:10:00,0.0,45.0
2024-08-07 06:20:00,3.24,45.0
2024-08-07 06:40:00,3.24,22.5
2024-08-07 07:10:00,3.24,45.0
2024-08-07 07:20:00,0.0,45.0
2024-08-07 07:40:00,3.24,45.0
2024-08-07 07:50:00,0.0,67.5
2024-08-07 08:00:00,0.0,0.0
2024-08-07 08:20:00,1.44,67.5
2024-08-07 08:40:00,1.44,90.0
2024-08-07 08:50:00,3.24,90.0
2024-08-07 09:10:00,3.24,135.0
2024-08-07 09:20:00,1.44,135.0
2024-08-07 09:40:00,3.24,180.0
2024-08-07 09:50:00,3.24,180.0
2024-08-07 10:10:00,11.16,225.0
2024-08-07 10:20:00,17.64,225.0
2024-08-07 10:40:00,19.44,225.0
2024-08-07 10:50:00,24.12,225.0
2024-08-07 11:10:00,32.04,225.0
2024-08-07 11:20:00,32.04,225.0
2024-08-07 11:40:00,30.6,225.0
2024-08-07 11:50:00,37.08,225.0
2024-08-07 12:10:00,22.68,270.0
2024-08-07 12:20:00,7.92,292.5
2024-08-07 12:40:00,6.48,315.0
2024-08-07 12:50:00,12.96,202.5
2024-08-07 13:10:00,6.48,202.5
2024-08-07 13:20:00,7.92,45.0
2024-08-07 13:40:00,11.16,0.0
2024-08-07 13:50:00,11.16,22.5
2024-08-07 14:10:00,12.96,45.0
2024-08-07 14:20:00,14.4,45.0
2024-08-07 14:40:00,14.4,45.0
2024-08-07 14:50:00,16.2,45.0
2024-08-07 15:10:00,17.64,45.0
2024-08-07 15:20:00,12.96,45.0
2024-08-07 15:40:00,9.72,45.0
2024-08-07 15:50:00,9.72,45.0
2024-08-07 16:10:00,7.92,67.5
2024-08-07 16:20:00,7.92,67.5
2024-08-07 16:40:00,1.44,247.5
2024-08-07 16:50:00,7.92,202.5
2024-08-07 17:10:00,1.44,202.5
2024-08-07 17:20:00,3.24,202.5
2024-08-07 17:40:00,6.48,225.0
2024-08-07 17:50:00,3.24,247.5
2024-08-07 18:10:00,3.24,247.5
2024-08-07 18:20:00,3.24,292.5
2024-08-07 18:40:00,1.44,180.0
2024-08-07 18:50:00,0.0,90.0
2024-08-07 19:10:00,0.0,157.5
2024-08-07 19:20:00,0.0,157.5
2024-08-07 19:30:00,0.0,0.0
2024-08-07 19:50:00,0.0,157.5
2024-08-07 20:10:00,1.44,135.0
2024-08-07 20:20:00,4.68,45.0
2024-08-07 20:40:00,7.92,67.5
2024-08-07 20:50:00,6.48,67.5
2024-08-07 21:10:00,6.48,45.0
2024-08-07 21:20:00,0.0,22.5
2024-08-07 21:30:00,0.0,0.0
2024-08-07 22:20:00,1.44,90.0
2024-08-07 22:40:00,1.44,337.5
2024-08-07 22:50:00,3.24,67.5
2024-08-07 23:10:00,3.24,45.0
2024-08-07 23:20:00,1.44,45.0
2024-08-07 23:40:00,0.0,270.0
2024-08-07 23:50:00,6.48,22.5
2024-08-08 00:10:00,4.68,45.0
2024-08-08 00:20:00,1.44,22.5
2024-08-08 00:40:00,0.0,45.0
2024-08-08 00:50:00,1.44,45.0
2024-08-08 01:10:00,4.68,45.0
2024-08-08 01:20:00,4.68,45.0
2024-08-08 01:40:00,3.24,45.0
2024-08-08 01:50:00,4.68,45.0
2024-08-08 02:10:00,6.48,22.5
2024-08-08 02:20:00,7.92,22.5
2024-08-08 02:40:00,11.16,45.0
2024-08-08 02:50:00,9.72,22.5
2024-08-08 03:10:00,4.68,45.0
2024-08-08 03:20:00,4.68,45.0
2024-08-08 03:40:00,3.24,45.0
2024-08-08 03:50:00,3.24,45.0
2024-08-08 04:10:00,4.68,45.0
2024-08-08 04:20:00,1.44,45.0
2024-08-08 04:40:00,4.68,45.0
2024-08-08 04:50:00,3.24,45.0
2024-08-08 05:10:00,3.24,45.0
2024-08-08 05:20:00,1.44,45.0
2024-08-08 05:40:00,6.48,22.5
2024-08-08 05:50:00,7.92,45.0
2024-08-08 06:10:00,6.48,45.0
2024-08-08 06:20:00,7.92,45.0
2024-08-08 06:40:00,7.92,45.0
2024-08-08 07:10:00,7.92,45.0
2024-08-08 07:20:00,6.48,45.0
2024-08-08 07:40:00,3.24,67.5
2024-08-08 07:50:00,9.72,67.5
2024-08-08 08:10:00,9.72,67.5
2024-08-08 08:20:00,6.48,90.0
2024-08-08 08:40:00,7.92,67.5
2024-08-08 08:50:00,6.48,67.5
2024-08-08 09:10:00,3.24,67.5
2024-08-08 09:20:00,1.44,67.5
2024-08-08 09:40:00,3.24,90.0
2024-08-08 09:50:00,3.24,67.5
2024-08-08 10:10:00,1.44,112.5
2024-08-08 10:20:00,4.68,112.5
2024-08-08 10:40:00,1.44,67.5
2024-08-08 10:50:00,4.68,67.5
2024-08-08 11:10:00,3.24,67.5
2024-08-08 11:20:00,3.24,135.0
2024-08-08 11:40:00,4.68,135.0
2024-08-08 11:50:00,1.44,135.0
2024-08-08 12:00:00,0.0,0.0
2024-08-08 12:50:00,1.44,157.5
2024-08-08 13:10:00,6.48,202.5
2024-08-08 13:20:00,4.68,202.5
2024-08-08 13:40:00,16.2,225.0
2024-08-08 13:50:00,19.44,225.0
2024-08-08 14:10:00,20.88,225.0
2024-08-08 14:20:00,20.88,225.0
2024-08-08 14:40:00,25.92,225.0
2024-08-08 14:50:00,27.36,225.0
2024-08-08 15:10:00,27.36,225.0
2024-08-08 15:20:00,27.36,225.0
2024-08-08 15:40:00,27.36,247.5
2024-08-08 15:50:00,28.8,247.5
2024-08-08 16:10:00,32.04,225.0
2024-08-08 16:20:00,32.04,225.0
2024-08-08 16:40:00,30.6,225.0
2024-08-08 16:50:00,27.36,225.0
2024-08-08 17:10:00,28.8,225.0
2024-08-08 17:20:00,27.36,225.0
2024-08-08 17:40:00,27.36,225.0
2024-08-08 17:50:00,27.36,225.0
2024-08-08 18:10:00,27.36,225.0
2024-08-08 18:20:00,25.92,225.0
2024-08-08 18:40:00,25.92,225.0
2024-08-08 18:50:00,20.88,225.0
2024-08-08 19:10:00,16.2,202.5
2024-08-08 19:20:00,12.96,202.5
2024-08-08 19:40:00,4.68,202.5
2024-08-08 19:50:00,3.24,202.5
2024-08-08 20:10:00,17.64,315.0
2024-08-08 20:20:00,16.2,337.5
2024-08-08 20:40:00,19.44,315.0
2024-08-08 20:50:00,19.44,292.5
2024-08-08 21:10:00,22.68,315.0
2024-08-08 21:20:00,20.88,315.0
2024-08-08 21:40:00,20.88,315.0
2024-08-08 21:50:00,24.12,315.0
2024-08-08 22:10:00,14.4,315.0
2024-08-08 22:20:00,16.2,292.5
2024-08-08 22:40:00,20.88,292.5
2024-08-08 22:50:00,16.2,292.5
2024-08-08 23:10:00,11.16,292.5
2024-08-08 23:20:00,19.44,315.0
2024-08-08 23:40:00,16.2,315.0
2024-08-08 23:50:00,17.64,315.0
2024-08-09 00:10:00,12.96,315.0
2024-08-09 00:20:00,14.4,292.5
2024-08-09 00:40:00,12.96,292.5
2024-08-09 00:50:00,7.92,337.5
2024-08-09 01:10:00,7.92,22.5
2024-08-09 01:20:00,7.92,22.5
2024-08-09 01:40:00,6.48,45.0
2024-08-09 01:50:00,4.68,45.0
2024-08-09 02:10:00,1.44,45.0
2024-08-09 02:20:00,1.44,45.0
2024-08-09 02:40:00,4.68,45.0
2024-08-09 02:50:00,7.92,45.0
2024-08-09 03:10:00,6.48,45.0
2024-08-09 03:20:00,4.68,45.0
2024-08-09 03:40:00,7.92,45.0
2024-08-09 03:50:00,7.92,45.0
2024-08-09 04:10:00,11.16,45.0
2024-08-09 04:20:00,9.72,45.0
2024-08-09 04:40:00,9.72,45.0
2024-08-09 04:50:00,11.16,45.0
2024-08-09 05:10:00,9.72,45.0
2024-08-09 05:20:00,9.72,45.0
2024-08-09 05:40:00,7.92,22.5
2024-08-09 05:50:00,9.72,67.5
2024-08-09 06:10:00,9.72,45.0
2024-08-09 06:20:00,7.92,45.0
2024-08-09 06:40:00,7.92,45.0
2024-08-09 06:50:00,7.92,67.5
2024-08-09 07:10:00,9.72,22.5
2024-08-09 07:20:00,7.92,45.0
2024-08-09 07:40:00,7.92,67.5
2024-08-09 07:50:00,7.92,67.5
2024-08-09 08:10:00,7.92,67.5
2024-08-09 08:20:00,7.92,67.5
2024-08-09 08:40:00,9.72,67.5
>>>>>>> 43c8297b8fd88256606370902e34d29105a6e77a,,
2024-08-09 08:50:00,9.72,67.5
2024-08-09 09:10:00,11.16,45.0
2024-08-09 09:20:00,9.72,45.0
2024-08-09 09:40:00,11.16,45.0
2024-08-09 09:50:00,9.72,45.0
2024-08-09 10:10:00,9.72,45.0
2024-08-09 10:20:00,6.48,45.0
2024-08-09 10:40:00,7.92,45.0
2024-08-09 10:50:00,7.92,67.5
2024-08-09 11:10:00,3.24,67.5
2024-08-09 11:20:00,0.0,0.0
2024-08-09 12:10:00,0.0,202.5
2024-08-09 12:20:00,0.0,0.0
2024-08-09 12:40:00,0.0,0.0
2024-08-09 12:50:00,1.44,225.0
2024-08-09 13:10:00,4.68,180.0
2024-08-09 13:20:00,3.24,202.5
2024-08-09 13:40:00,7.92,202.5
2024-08-09 13:50:00,3.24,202.5
2024-08-09 14:10:00,4.68,202.5
2024-08-09 14:20:00,4.68,225.0
2024-08-09 14:40:00,4.68,202.5
2024-08-09 14:50:00,1.44,202.5
2024-08-09 15:10:00,7.92,247.5
2024-08-09 15:20:00,6.48,225.0
2024-08-09 15:40:00,6.48,247.5
2024-08-09 15:50:00,4.68,202.5
2024-08-09 16:10:00,4.68,135.0
2024-08-09 16:20:00,4.68,180.0
2024-08-09 16:40:00,4.68,157.5
2024-08-09 16:50:00,7.92,247.5
2024-08-09 17:10:00,9.72,225.0
2024-08-09 17:20:00,9.72,247.5
2024-08-09 17:40:00,9.72,337.5
2024-08-09 17:50:00,7.92,270.0
2024-08-09 18:10:00,6.48,225.0
2024-08-09 18:20:00,11.16,270.0
2024-08-09 18:40:00,6.48,270.0
2024-08-09 18:50:00,7.92,270.0
2024-08-09 19:10:00,6.48,270.0
2024-08-09 19:20:00,4.68,270.0
2024-08-09 19:40:00,1.44,337.5
2024-08-09 19:50:00,6.48,90.0
2024-08-09 20:10:00,4.68,135.0
2024-08-09 20:20:00,1.44,135.0
2024-08-09 20:40:00,1.44,135.0
2024-08-09 20:50:00,3.24,0.0
2024-08-09 21:10:00,4.68,22.5
2024-08-09 21:20:00,4.68,45.0
2024-08-09 21:40:00,4.68,45.0
2024-08-09 21:50:00,6.48,67.5
2024-08-09 22:10:00,6.48,22.5
2024-08-09 22:20:00,1.44,0.0
2024-08-09 22:40:00,7.92,337.5
2024-08-09 22:50:00,6.48,45.0
2024-08-09 23:10:00,7.92,45.0
2024-08-09 23:20:00,6.48,22.5
2024-08-09 23:40:00,7.92,45.0
2024-08-09 23:50:00,7.92,67.5
2024-08-10 00:10:00,3.24,22.5
2024-08-10 00:20:00,0.0,22.5
2024-08-10 00:40:00,3.24,22.5
2024-08-10 00:50:00,4.68,22.5
2024-08-10 01:10:00,4.68,45.0
2024-08-10 01:20:00,7.92,45.0
2024-08-10 01:40:00,11.16,45.0
2024-08-10 01:50:00,11.16,45.0
2024-08-10 02:10:00,3.24,0.0
2024-08-10 02:20:00,1.44,45.0
2024-08-10 02:40:00,11.16,45.0
2024-08-10 02:50:00,9.72,45.0
2024-08-10 03:10:00,9.72,45.0
2024-08-10 03:20:00,7.92,22.5
2024-08-10 03:40:00,7.92,45.0
2024-08-10 03:50:00,3.24,45.0
2024-08-10 04:10:00,6.48,45.0
2024-08-10 04:20:00,9.72,45.0
2024-08-10 04:40:00,9.72,45.0
2024-08-10 04:50:00,9.72,45.0
2024-08-10 05:10:00,9.72,45.0
2024-08-10 05:20:00,11.16,45.0
2024-08-10 05:40:00,12.96,45.0
2024-08-10 05:50:00,11.16,45.0
2024-08-10 06:10:00,9.72,45.0
2024-08-10 06:20:00,11.16,45.0
2024-08-10 06:40:00,9.72,45.0
2024-08-10 06:50:00,11.16,45.0
2024-08-10 07:10:00,9.72,45.0
2024-08-10 07:20:00,9.72,45.0
2024-08-10 07:40:00,11.16,45.0
2024-08-10 07:50:00,9.72,45.0
2024-08-10 08:10:00,7.92,67.5
2024-08-10 08:20:00,6.48,67.5
2024-08-10 08:40:00,6.48,67.5
2024-08-10 08:50:00,6.48,67.5
2024-08-10 09:10:00,6.48,67.5
2024-08-10 09:20:00,7.92,67.5
2024-08-10 09:40:00,4.68,90.0
2024-08-10 09:50:00,6.48,90.0
2024-08-10 10:10:00,3.24,90.0
2024-08-10 10:20:00,1.44,90.0
2024-08-10 10:40:00,1.44,135.0
2024-08-10 10:50:00,1.44,135.0
2024-08-10 11:10:00,1.44,202.5
2024-08-10 11:20:00,6.48,180.0
2024-08-10 11:40:00,24.12,225.0
2024-08-10 11:50:00,22.68,202.5
2024-08-10 12:10:00,24.12,225.0
2024-08-10 12:20:00,27.36,225.0
2024-08-10 12:40:00,27.36,225.0
2024-08-10 12:50:00,28.8,225.0
2024-08-10 13:10:00,30.6,225.0
2024-08-10 13:20:00,28.8,225.0
2024-08-10 13:40:00,30.6,225.0
2024-08-10 13:50:00,30.6,225.0
2024-08-10 14:10:00,33.84,225.0
2024-08-10 14:20:00,28.8,225.0
2024-08-10 14:40:00,33.84,225.0
2024-08-10 14:50:00,32.04,225.0
2024-08-10 15:10:00,32.04,225.0
2024-08-10 15:20:00,32.04,225.0
2024-08-10 15:40:00,33.84,225.0
2024-08-10 15:50:00,33.84,225.0
2024-08-10 16:10:00,38.52,225.0
2024-08-10 16:20:00,37.08,225.0
2024-08-10 16:40:00,35.28,225.0
2024-08-10 16:50:00,33.84,225.0
2024-08-10 17:10:00,33.84,225.0
2024-08-10 17:20:00,32.04,225.0
2024-08-10 17:40:00,28.8,225.0
2024-08-10 17:50:00,28.8,225.0
2024-08-10 18:10:00,25.92,225.0
2024-08-10 18:20:00,25.92,225.0
2024-08-10 18:40:00,22.68,225.0
2024-08-10 18:50:00,20.88,225.0
2024-08-10 19:10:00,22.68,225.0
2024-08-10 19:20:00,24.12,225.0
2024-08-10 19:40:00,20.88,225.0
2024-08-10 19:50:00,17.64,202.5
2024-08-10 20:10:00,14.4,202.5
2024-08-10 20:20:00,11.16,225.0
2024-08-10 20:40:00,12.96,247.5
2024-08-10 20:50:00,11.16,225.0
2024-08-10 21:10:00,14.4,247.5
2024-08-10 21:20:00,14.4,225.0
2024-08-10 21:40:00,14.4,225.0
2024-08-10 21:50:00,16.2,247.5
2024-08-10 22:10:00,12.96,247.5
2024-08-10 22:20:00,12.96,247.5
2024-08-10 22:40:00,14.4,247.5
2024-08-10 22:50:00,12.96,247.5
2024-08-10 23:10:00,14.4,225.0
2024-08-10 23:20:00,11.16,247.5
2024-08-10 23:40:00,7.92,225.0
2024-08-10 23:50:00,4.68,247.5
2024-08-11 00:10:00,0.0,247.5
2024-08-11 00:20:00,1.44,247.5
2024-08-11 00:40:00,1.44,247.5
2024-08-11 00:50:00,0.0,247.5
2024-08-11 01:00:00,0.0,0.0
2024-08-11 02:10:00,3.24,270.0
2024-08-11 02:20:00,4.68,315.0
2024-08-11 02:40:00,6.48,22.5
2024-08-11 02:50:00,6.48,22.5
2024-08-11 03:10:00,9.72,0.0
2024-08-11 03:20:00,9.72,337.5
2024-08-11 03:40:00,6.48,0.0
2024-08-11 03:50:00,4.68,22.5
2024-08-11 04:10:00,7.92,45.0
2024-08-11 04:20:00,7.92,67.5
2024-08-11 04:40:00,6.48,45.0
2024-08-11 04:50:00,4.68,45.0
2024-08-11 05:10:00,6.48,0.0
2024-08-11 05:20:00,6.48,22.5
2024-08-11 05:40:00,7.92,22.5
2024-08-11 05:50:00,6.48,22.5
2024-08-11 06:10:00,6.48,22.5
2024-08-11 06:20:00,6.48,45.0
2024-08-11 06:40:00,6.48,45.0
2024-08-11 06:50:00,7.92,45.0
2024-08-11 07:10:00,7.92,45.0
2024-08-11 07:20:00,9.72,45.0
2024-08-11 07:40:00,7.92,45.0
2024-08-11 07:50:00,6.48,67.5
2024-08-11 08:10:00,4.68,67.5
2024-08-11 08:20:00,1.44,67.5
2024-08-11 08:40:00,0.0,67.5
2024-08-11 08:50:00,0.0,0.0
2024-08-11 11:10:00,4.68,180.0
2024-08-11 11:20:00,22.68,225.0
2024-08-11 11:40:00,25.92,225.0
2024-08-11 11:50:00,27.36,225.0
2024-08-11 12:10:00,28.8,225.0
2024-08-11 12:20:00,28.8,225.0
2024-08-11 12:40:00,30.6,225.0
2024-08-11 12:50:00,32.04,225.0
2024-08-11 13:10:00,33.84,225.0
2024-08-11 13:20:00,35.28,225.0
2024-08-11 13:40:00,32.04,225.0
2024-08-11 13:50:00,32.04,225.0
2024-08-11 14:10:00,30.6,225.0
2024-08-11 14:20:00,30.6,225.0
2024-08-11 14:40:00,32.04,225.0
2024-08-11 14:50:00,33.84,225.0
2024-08-11 15:10:00,33.84,225.0
2024-08-11 15:20:00,35.28,225.0
2024-08-11 15:40:00,33.84,225.0
2024-08-11 15:50:00,33.84,225.0
2024-08-11 16:10:00,37.08,225.0
2024-08-11 16:20:00,37.08,225.0
2024-08-11 16:40:00,35.28,225.0
2024-08-11 16:50:00,33.84,225.0
2024-08-11 17:10:00,35.28,225.0
2024-08-11 17:20:00,33.84,225.0
2024-08-11 17:40:00,33.84,225.0
2024-08-11 17:50:00,37.08,225.0
2024-08-11 18:10:00,35.28,225.0
2024-08-11 18:20:00,32.04,225.0
2024-08-11 18:40:00,33.84,225.0
2024-08-11 18:50:00,32.04,225.0
2024-08-11 19:10:00,24.12,202.5
2024-08-11 19:20:00,22.68,202.5
2024-08-11 19:40:00,24.12,202.5
2024-08-11 19:50:00,24.12,202.5
2024-08-11 20:10:00,17.64,202.5
2024-08-11 20:20:00,14.4,225.0
2024-08-11 20:40:00,17.64,225.0
2024-08-11 20:50:00,14.4,247.5
2024-08-11 21:10:00,12.96,247.5
2024-08-11 21:20:00,11.16,247.5
2024-08-11 21:50:00,1.44,180.0
2024-08-11 22:10:00,3.24,180.0
2024-08-11 22:20:00,0.0,180.0
2024-08-11 22:40:00,0.0,180.0
2024-08-11 22:50:00,3.24,180.0
2024-08-11 23:10:00,4.68,180.0
2024-08-11 23:20:00,3.24,337.5
2024-08-11 23:40:00,3.24,45.0
2024-08-11 23:50:00,0.0,67.5
2024-08-12 00:00:00,0.0,0.0
2024-08-12 00:40:00,0.0,67.5
2024-08-12 00:50:00,3.24,67.5
2024-08-12 01:10:00,0.0,0.0
2024-08-12 02:50:00,1.44,22.5
2024-08-12 03:10:00,0.0,45.0
2024-08-12 03:20:00,1.44,45.0
2024-08-12 03:40:00,0.0,0.0
2024-08-12 04:10:00,3.24,45.0
2024-08-12 04:20:00,3.24,45.0
2024-08-12 04:40:00,1.44,45.0
2024-08-12 04:50:00,4.68,45.0
2024-08-12 05:10:00,0.0,45.0
2024-08-12 05:20:00,1.44,45.0
2024-08-12 05:40:00,0.0,0.0
2024-08-12 06:20:00,1.44,45.0
2024-08-12 06:40:00,3.24,45.0
2024-08-12 06:50:00,6.48,45.0
2024-08-12 07:10:00,6.48,45.0
2024-08-12 07:20:00,4.68,45.0
2024-08-12 07:40:00,3.24,45.0
2024-08-12 07:50:00,3.24,22.5
2024-08-12 08:10:00,6.48,22.5
2024-08-12 08:20:00,4.68,22.5
2024-08-12 08:40:00,1.44,22.5
2024-08-12 08:50:00,1.44,22.5
2024-08-12 09:10:00,1.44,22.5
2024-08-12 09:20:00,1.44,45.0
2024-08-12 09:40:00,1.44,45.0
2024-08-12 09:50:00,0.0,45.0
2024-08-12 10:00:00,0.0,0.0
2024-08-12 10:40:00,17.64,225.0
2024-08-12 10:50:00,17.64,225.0
2024-08-12 11:10:00,25.92,225.0
2024-08-12 11:20:00,24.12,225.0
2024-08-12 11:40:00,25.92,225.0
2024-08-12 11:50:00,28.8,225.0
2024-08-12 12:10:00,30.6,225.0
2024-08-12 12:20:00,28.8,225.0
2024-08-12 12:40:00,30.6,225.0
2024-08-12 12:50:00,30.6,225.0
2024-08-12 13:10:00,33.84,225.0
2024-08-12 13:20:00,37.08,225.0
2024-08-12 13:40:00,37.08,225.0
2024-08-12 13:50:00,38.52,225.0
2024-08-12 14:10:00,37.08,225.0
2024-08-12 14:20:00,38.52,225.0
2024-08-12 14:40:00,35.28,225.0
2024-08-12 14:50:00,32.04,225.0
2024-08-12 15:10:00,32.04,225.0
2024-08-12 15:20:00,32.04,225.0
2024-08-12 15:40:00,33.84,225.0
2024-08-12 15:50:00,30.6,225.0
2024-08-12 16:10:00,32.04,225.0
2024-08-12 16:20:00,30.6,225.0
2024-08-12 16:40:00,28.8,225.0
2024-08-12 16:50:00,28.8,225.0
2024-08-12 17:10:00,33.84,225.0
2024-08-12 17:20:00,28.8,225.0
2024-08-12 17:40:00,30.6,225.0
2024-08-12 17:50:00,28.8,225.0
2024-08-12 18:10:00,28.8,225.0
2024-08-12 18:20:00,25.92,225.0
2024-08-12 18:40:00,25.92,225.0
2024-08-12 18:50:00,24.12,225.0
2024-08-12 19:10:00,20.88,225.0
2024-08-12 19:20:00,20.88,225.0
2024-08-12 19:40:00,25.92,202.5
2024-08-12 19:50:00,24.12,202.5
2024-08-12 20:20:00,19.44,202.5
2024-08-12 20:40:00,6.48,247.5
2024-08-12 20:50:00,9.72,247.5
2024-08-12 21:10:00,9.72,247.5
2024-08-12 21:20:00,7.92,225.0
2024-08-12 21:40:00,6.48,270.0
2024-08-12 21:50:00,9.72,247.5
2024-08-12 22:10:00,12.96,247.5
2024-08-12 22:20:00,12.96,247.5
2024-08-12 22:40:00,6.48,247.5
2024-08-12 22:50:00,4.68,247.5
2024-08-12 23:10:00,1.44,202.5
2024-08-12 23:20:00,1.44,202.5
2024-08-12 23:40:00,3.24,202.5
2024-08-12 23:50:00,1.44,202.5
2024-08-13 00:10:00,1.44,202.5
2024-08-13 00:20:00,1.44,202.5
2024-08-13 00:40:00,6.48,22.5
2024-08-13 00:50:00,6.48,0.0
2024-08-13 01:10:00,1.44,0.0
2024-08-13 01:20:00,3.24,90.0
2024-08-13 01:40:00,4.68,22.5
2024-08-13 01:50:00,1.44,22.5
2024-08-13 02:10:00,1.44,45.0
2024-08-13 02:20:00,1.44,45.0
2024-08-13 02:40:00,1.44,45.0
2024-08-13 02:50:00,1.44,45.0
2024-08-13 03:10:00,4.68,45.0
2024-08-13 03:20:00,3.24,45.0
2024-08-13 03:40:00,7.92,22.5
2024-08-13 03:50:00,0.0,22.5
2024-08-13 04:10:00,0.0,270.0
2024-08-13 04:20:00,1.44,270.0
2024-08-13 04:40:00,1.44,270.0
2024-08-13 04:50:00,0.0,0.0
2024-08-13 05:40:00,4.68,45.0
2024-08-13 05:50:00,6.48,45.0
2024-08-13 06:10:00,1.44,22.5
2024-08-13 06:20:00,3.24,22.5
2024-08-13 06:40:00,3.24,22.5
2024-08-13 06:50:00,4.68,22.5
2024-08-13 07:10:00,3.24,22.5
2024-08-13 07:20:00,0.0,0.0
2024-08-13 07:40:00,0.0,22.5
2024-08-13 07:50:00,0.0,0.0
2024-08-13 08:10:00,0.0,0.0
2024-08-13 08:40:00,1.44,22.5
2024-08-13 08:50:00,0.0,22.5
2024-08-13 09:10:00,0.0,22.5
2024-08-13 09:20:00,0.0,0.0
2024-08-13 09:50:00,1.44,270.0
2024-08-13 10:00:00,0.0,0.0
2024-08-13 10:40:00,6.48,180.0
2024-08-13 10:50:00,11.16,202.5
2024-08-13 11:10:00,14.4,225.0
2024-08-13 11:20:00,19.44,225.0
2024-08-13 11:40:00,24.12,225.0
2024-08-13 11:50:00,24.12,225.0
2024-08-13 12:10:00,27.36,225.0
2024-08-13 12:20:00,27.36,225.0
2024-08-13 12:40:00,27.36,225.0
2024-08-13 12:50:00,28.8,225.0
2024-08-13 13:10:00,33.84,225.0
2024-08-13 13:20:00,30.6,225.0
2024-08-13 13:40:00,28.8,225.0
2024-08-13 13:50:00,28.8,225.0
2024-08-13 14:10:00,32.04,225.0
2024-08-13 14:20:00,30.6,225.0
2024-08-13 14:40:00,28.8,225.0
2024-08-13 14:50:00,27.36,225.0
2024-08-13 15:10:00,30.6,225.0
2024-08-13 15:20:00,33.84,225.0
2024-08-13 15:40:00,32.04,225.0
2024-08-13 15:50:00,33.84,225.0
2024-08-13 16:10:00,30.6,225.0
2024-08-13 16:20:00,30.6,225.0
2024-08-13 16:40:00,28.8,225.0
2024-08-13 16:50:00,27.36,247.5
2024-08-13 17:10:00,30.6,225.0
2024-08-13 17:20:00,28.8,225.0
2024-08-13 17:40:00,33.84,225.0
2024-08-13 17:50:00,33.84,247.5
2024-08-13 18:10:00,28.8,225.0
2024-08-13 18:20:00,27.36,225.0
2024-08-13 18:40:00,28.8,225.0
2024-08-13 18:50:00,27.36,225.0
2024-08-13 19:10:00,22.68,225.0
2024-08-13 19:20:00,20.88,225.0
2024-08-13 19:40:00,14.4,225.0
2024-08-13 19:50:00,9.72,247.5
2024-08-13 20:10:00,16.2,45.0
2024-08-13 20:20:00,9.72,22.5
2024-08-13 20:40:00,6.48,45.0
2024-08-13 20:50:00,14.4,45.0
2024-08-13 21:10:00,14.4,22.5
2024-08-13 21:20:00,12.96,0.0
2024-08-13 21:40:00,7.92,22.5
2024-08-13 21:50:00,6.48,67.5
2024-08-13 22:10:00,0.0,67.5
2024-08-13 22:20:00,0.0,67.5
2024-08-13 22:40:00,6.48,67.5
2024-08-13 22:50:00,6.48,22.5
2024-08-13 23:10:00,7.92,45.0
2024-08-13 23:20:00,7.92,45.0
2024-08-13 23:40:00,6.48,45.0
2024-08-13 23:50:00,7.92,45.0
2024-08-14 00:10:00,6.48,45.0
2024-08-14 00:20:00,9.72,45.0
2024-08-14 00:40:00,4.68,22.5
2024-08-14 00:50:00,6.48,67.5
2024-08-14 01:10:00,6.48,45.0
2024-08-14 01:20:00,4.68,45.0
2024-08-14 01:40:00,0.0,45.0
2024-08-14 01:50:00,3.24,45.0
2024-08-14 02:10:00,0.0,45.0
2024-08-14 02:20:00,0.0,0.0
2024-08-14 02:40:00,25.92,225.0
2024-08-14 02:50:00,35.28,247.5
2024-08-14 03:10:00,12.96,270.0
2024-08-14 03:20:00,16.2,112.5
2024-08-14 03:40:00,4.68,315.0
2024-08-14 03:50:00,4.68,157.5
2024-08-14 04:10:00,1.44,247.5
2024-08-14 04:20:00,0.0,247.5
2024-08-14 04:40:00,1.44,247.5
2024-08-14 04:50:00,7.92,67.5
2024-08-14 05:10:00,1.44,67.5
2024-08-14 05:20:00,1.44,67.5
2024-08-14 05:40:00,3.24,67.5
2024-08-14 05:50:00,3.24,67.5
2024-08-14 06:10:00,1.44,67.5
2024-08-14 06:20:00,3.24,67.5
2024-08-14 06:40:00,4.68,67.5
2024-08-14 06:50:00,3.24,67.5
2024-08-14 07:10:00,7.92,45.0
2024-08-14 07:20:00,6.48,22.5
2024-08-14 07:40:00,6.48,45.0
2024-08-14 07:50:00,3.24,45.0
2024-08-14 08:10:00,0.0,0.0
2024-08-14 08:40:00,1.44,45.0
2024-08-14 08:50:00,1.44,45
2024-08-14 09:10:00,0,45
2024-08-14 09:20:00,4.68,135
2024-08-14 09:40:00,0,0
2024-08-14 10:40:00,0,225
2024-08-14 10:50:00,0,225
2024-08-14 11:10:00,6.48,135
2024-08-14 11:20:00,16.2,225
2024-08-14 11:40:00,19.44,247.5
2024-08-14 11:50:00,19.44,225
2024-08-14 12:10:00,16.2,202.5
2024-08-14 12:20:00,20.88,225
2024-08-14 12:40:00,28.8,225
2024-08-14 12:50:00,30.6,225
2024-08-14 13:10:00,20.88,202.5
2024-08-14 13:20:00,16.2,180
2024-08-14 13:40:00,19.44,225
2024-08-14 13:50:00,25.92,225
2024-08-14 14:10:00,30.6,225
2024-08-14 14:20:00,27.36,225
2024-08-14 14:40:00,12.96,202.5
